image_index,image_url,model_response,Mistral Classification,Standard Answer,accuracy,model,prompt
1,https://raw.githubusercontent.com/PON2020/vast/main/image1.png.png,"The image presents two stylized faces, labeled L and R. L features a wider, rounded mouth with a smaller, circular eyebrow, while R has a more angular, upturned mouth with a single, smaller eyebrow. Both faces are monochromatic, using only black shapes on a white background. The design elements create a sense of playfulness and contrast, emphasizing different facial expressions. The overall aesthetic is simple and graphic, focusing on clear visual identification rather than intricate details.",Left,R,F,D,4
2,https://raw.githubusercontent.com/PON2020/vast/main/image2.png.png,"Both images are minimalist black shapes on a white background. The left image (L) features a dynamic, flowing form with a circular element at the top, resembling a stylized human or animal form. The right image (R) has a more abstract, organic shape with a rounded, curved form, resembling a leaf or feather. Both designs have a clean, geometric aesthetic, emphasizing simplicity and clarity. The right image (R) appears slightly more balanced and symmetrical compared to the left image (L).",Left,L,T,D,4
3,https://raw.githubusercontent.com/PON2020/vast/main/image3.png.png,"The image shows two abstract designs, labeled L and R. L features a symmetrical arrangement of curved lines and a small circle at the top, while R incorporates curved lines and a small circle at the bottom. Both designs have a minimalist aesthetic, but R appears more balanced and visually engaging due to its integration of the curved elements. The choice between L and R ultimately depends on the viewer's preference for simplicity and visual harmony.",Right,L,F,D,4
4,https://raw.githubusercontent.com/PON2020/vast/main/image4.png.png,"The image shows two abstract designs, labeled L and R. L features a stylized, flowing design with curved lines and sharp edges, predominantly in white against a black background. R, on a contrasting black background, displays a more angular, swirling pattern, also in white. Both designs evoke a sense of dynamic movement and visual interest. The right design, labeled R, appears slightly more refined and balanced compared to the left design, L. The right design's composition and contrast make it appear more polished and symmetrical.",Right,R,T,D,4
5,https://raw.githubusercontent.com/PON2020/vast/main/image5.png.png,"The left picture (L) is more abstract and expressive, resembling a chaotic composition of curved lines and shapes. The right picture (R) has a more structured and balanced feel, with clear forms and defined areas. Both are monochromatic, emphasizing contrast and texture. The right picture seems more visually appealing and cohesive.",Right,L,F,D,4
6,https://raw.githubusercontent.com/PON2020/vast/main/image6.png.png,"The left picture (L) is more visually striking and balanced compared to the right picture (R). It features a more symmetrical and balanced arrangement of black shapes against a white background. The right picture (R) has a more geometric and angular design with a stark contrast between the black shapes and the white background. Both designs are effective in conveying a certain aesthetic, but L offers a more balanced and visually pleasing composition.",Left,L,T,D,4
7,https://raw.githubusercontent.com/PON2020/vast/main/image7.png.png,"Both pictures are abstract geometric designs, composed of black shapes on a white background. The left image is labeled L, and the right image is labeled R. L is simpler and more minimalist, while R is more complex and features varying shapes and sizes. Both are visually striking and intriguing, capturing attention with their stark contrast and geometric composition.",Right,R,T,D,4
8,https://raw.githubusercontent.com/PON2020/vast/main/image8.png.png,"The left picture (L) is more abstract and dynamic, featuring swirling black brushstrokes against a lighter background. It has a sense of movement and energy. The right picture (R) is more structured and symmetrical, with bold, angular brushstrokes in black against a white background. It has a sense of balance and harmony. Both paintings share a minimalist aesthetic, but L offers a more expressive and expressive feel, while R presents a more balanced and refined visual experience.",Left,R,F,D,4
9,https://raw.githubusercontent.com/PON2020/vast/main/image9.png.png,"The image shows two abstract line drawings, labeled L and R. Both are composed of black, curved lines on a white background. The lines are smooth and flowing, creating a dynamic and expressive visual experience. The lines vary in thickness and curvature, with some appearing thicker and more defined than others. The overall composition is symmetrical and balanced, with similar proportions and proportions of lines. The lines seem to be arranged symmetrically, with similar lengths and curvature. The lines' placement and arrangement contribute to the overall visual appeal of the image.",Not Given,L,NG,D,4
10,https://raw.githubusercontent.com/PON2020/vast/main/image10.png.png,"The left picture (L) is more abstract and dynamic, featuring swirling lines and shapes in varying shades of black and white. It has a sense of movement and energy. The right picture (R) has a more structured and balanced composition, with clear forms and defined lines. It appears more deliberate and refined. Both are striking and visually engaging.",Left,L,T,D,4
11,https://raw.githubusercontent.com/PON2020/vast/main/image11.png.png,"The left picture (L) is more abstract and dynamic, featuring swirling lines and shapes in varying shades of white against a black background. The right picture (R) has a more structured and symmetrical composition, with curved lines and forms that create a sense of flow and rhythm. Both are striking and visually engaging, but R appears more balanced and refined.",Right,R,T,D,4
12,https://raw.githubusercontent.com/PON2020/vast/main/image12.png.png,"The left picture (L) is more abstract and dynamic, featuring bold brushstrokes and contrasting black and white tones. It conveys a sense of movement and energy. The right picture (R) has a more structured and balanced composition, with defined shapes and lines. It appears more refined and contemplative. Both are striking and visually engaging.",Left,L,T,D,4
13,https://raw.githubusercontent.com/PON2020/vast/main/image13.png.png,"The left image (L) is simpler and cleaner, resembling a minimalist or abstract representation of an eye. It features a single, solid black shape against a white background. The right image (R) is more complex and detailed, resembling a textured or patterned representation of an eye. It features multiple smaller black shapes, creating a sense of depth and dimension. Both images are minimalist in style, but image R offers more visual interest and detail.",Right,R,T,D,4
14,https://raw.githubusercontent.com/PON2020/vast/main/image14.png.png,"The left picture (L) is more visually striking and balanced. The star shape is symmetrical and centered, creating a sense of balance and harmony. The black color contrasts sharply against the white background, making it stand out. The right picture (R) has a more dynamic and energetic feel due to the jagged edges of the star. The contrast between the black shape and white background creates a stark visual impact. The overall design appeal is subjective, but L appears more balanced and harmonious, while R has a more energetic and dynamic feel.",Left,L,T,D,4
15,https://raw.githubusercontent.com/PON2020/vast/main/image15.png.png,"Both images are minimalist black and white line art pieces, labeled L and R. The left image features a stylized 'L' shape with a curved line extending to the right, above a circle. The right image has a similar 'L' shape, but with a curved line extending to the left, above a circle with a wavy line extending to the right. Both images have a clean, geometric aesthetic. The right image is perceived as more visually appealing due to its balanced composition and the use of curved lines.",Right,L,F,D,4
16,https://raw.githubusercontent.com/PON2020/vast/main/image16.png.png,"The left picture (L) is more abstract and dynamic, featuring swirling lines and shapes that create a sense of movement and energy. The right picture (R) has a more structured composition, with defined forms and clear lines that suggest a deliberate design. Both pieces share a similar style but differ in their level of complexity and visual impact. The right picture (R) appears more refined and balanced, while the left picture (L) has a more expressive and expressive feel.",Left,R,F,D,4
17,https://raw.githubusercontent.com/PON2020/vast/main/image17.png.png,"The left image (L) is more visually striking and balanced compared to the right image (R). It features a more symmetrical and balanced composition, with distinct shapes and forms. The black silhouettes stand out against the white background, creating a stark contrast and emphasizing the forms. The overall aesthetic is minimalist and clean, conveying a sense of simplicity and clarity.

In contrast, the right image (R) has a more dynamic and abstract feel. It features irregular shapes and forms, which create a sense of movement and energy. The black silhouettes are less defined and appear more fragmented, contributing to a sense of dynamism and complexity. The overall aesthetic is more expressive and visually interesting.

Based on these observations, the left image (L) appears to be the better design. It presents a more balanced and symmetrical composition, enhanced by the contrast between the black silhouettes and the white background.",Left,L,T,D,4
18,https://raw.githubusercontent.com/PON2020/vast/main/image18.png.png,"Both pictures are minimalist and abstract, composed of black shapes on a white background. The left image features a more angular and dynamic composition, with a prominent diagonal line. The right image has a more balanced and symmetrical arrangement, with a clear separation between the vertical and horizontal elements. Both designs convey a sense of simplicity and clarity, appealing to modern aesthetics.",Left,L,T,D,4
19,https://raw.githubusercontent.com/PON2020/vast/main/image19.png.png,"The image features two abstract designs, labeled L (left) and R (right), both composed of intersecting black lines on a white background. The lines vary in thickness and create a dynamic visual effect. The design is symmetrical and balanced, with similar angles and proportions. The simplicity and bold use of black and white contribute to a clean, modern aesthetic. The right design is labeled R, which likely indicates a larger scale or different perspective compared to the left design. Both images demonstrate a striking contrast between the dark lines and the white background, emphasizing geometric precision and visual impact.",Right,L,F,D,4
20,https://raw.githubusercontent.com/PON2020/vast/main/image20.png.png,"The left picture (L) is more abstract and expressive, resembling a swirling vortex of black ink strokes on a white background. The right picture (R) has a more structured and balanced composition, with bold, angular lines and shapes that create a sense of movement and dynamism. Both pieces share a similar style but differ in their execution and overall aesthetic appeal.",Left,L,T,D,4
21,https://raw.githubusercontent.com/PON2020/vast/main/image21.png.png,"The left picture (L) is more visually striking and balanced compared to the right picture (R). It features a more symmetrical and balanced shape with smooth curves and sharp edges, creating a sense of harmony and balance. The right picture (R) has a more organic and fluid form with irregular edges and curves, which adds a sense of dynamism and movement. Both designs are visually appealing, but the left one appears more balanced and refined, while the right one has a more dynamic and expressive feel.",Left,L,T,D,4
22,https://raw.githubusercontent.com/PON2020/vast/main/image22.png.png,"The left picture (L) is more abstract and geometric, featuring a central vertical element with curved lines radiating outwards. The black-and-white style creates a sense of depth and contrast. The right picture (R) has a more fluid, organic form with curved lines and abstract shapes, giving it a dynamic and expressive feel. Both pieces share a similar abstract aesthetic, but R stands out due to its dynamic and fluid composition.",Right,R,T,D,4
23,https://raw.githubusercontent.com/PON2020/vast/main/image23.png.png,"Both pictures are abstract geometric designs, composed primarily of black lines on a white background. The left image is labeled L and features a complex arrangement of triangles and rectangles. The right image is labeled R and showcases a simpler, more balanced composition of similar geometric shapes. Both designs have a minimalist aesthetic, emphasizing geometric precision and clarity. The right image is perceived as more visually appealing due to the balanced arrangement of shapes and the absence of any additional elements.",Right,R,T,D,4
24,https://raw.githubusercontent.com/PON2020/vast/main/image24.png.png,"The left picture (L) is more abstract and expressive, resembling a swirling vortex of black ink against a white background. Its dynamic composition and fluid lines evoke a sense of movement and energy. The right picture (R) has a more structured and geometric feel, with bold, angular lines that create a sense of order and balance. Both pieces share a similar abstract style but differ in their overall aesthetic appeal. The right piece seems more balanced and refined, while the left piece has a more dynamic and expressive quality.",Left,R,F,D,4
25,https://raw.githubusercontent.com/PON2020/vast/main/image25.png.png,"Both pictures are symmetrical and feature a central cluster of larger black circles against a white background. The left picture (L) has a more balanced arrangement of circles, while the right picture (R) has a more concentrated cluster of circles. The right picture (R) appears more visually interesting due to the varying sizes and positions of the circles within the larger cluster.",Right,L,F,D,4
26,https://raw.githubusercontent.com/PON2020/vast/main/image26.png.png,"The left picture (L) is more abstract and expressive, resembling a swirling vortex or abstract floral design. The right picture (R) has a more defined, circular structure with distinct lines and textures, giving it a sense of order and clarity. Both are striking and visually appealing, but R appears more balanced and harmonious.",Right,L,F,D,4
27,https://raw.githubusercontent.com/PON2020/vast/main/image27.png.png,"The image shows two abstract shapes, labeled L (left) and R (right), against a gray background. Both shapes are black and feature a smooth, rounded form. The design is symmetrical and balanced, with similar proportions and shapes. The simplicity and uniformity of the design contribute to its aesthetic appeal.",Not Given,R,NG,D,4
28,https://raw.githubusercontent.com/PON2020/vast/main/image28.png.png,"The image displays two distinct designs, labeled L and R. L is symmetrical and balanced, featuring a clean, geometric shape with a sharp, angular cutout at the top. R, on the other hand, is more abstract and organic, with a curved, almost cloud-like form and a more organic cutout at the top. Both designs are visually appealing, but their aesthetics differ significantly. L is minimalist and geometric, while R is more organic and abstract, creating a sense of movement and fluidity. Ultimately, the better design depends on the viewer's personal preference and interpretation.",Right,R,T,D,4
29,https://raw.githubusercontent.com/PON2020/vast/main/image29.png.png,"The image shows two abstract geometric designs, labeled L and R. L features a more symmetrical arrangement of black shapes on a white background, while R has a more fragmented, angular structure. Both are minimalist and visually striking.

L is described as a ""more refined and balanced design"" with a ""clean and elegant aesthetic."" R, on the other hand, is described as ""more dynamic and visually interesting"" with a ""more chaotic and dynamic composition."" While both are striking in their own ways, L's symmetry and clean lines make it a more refined and refined design.",Left,R,F,D,4
30,https://raw.githubusercontent.com/PON2020/vast/main/image30.png.png,"The image features two abstract black and white paintings, labeled L and R. L is positioned on the left and depicts a dynamic composition of thick brushstrokes and varying shades of black on a white background. R is on the right and showcases a contrasting style with thinner brushstrokes and lighter areas. Both paintings exhibit a bold, expressive style, characterized by their use of black, white, and varying thicknesses in the brushstrokes. The contrast between the black and white elements creates a striking visual effect. The right painting, labeled R, appears more balanced and symmetrical compared to the left painting, L. This difference in composition and visual balance contributes to the overall aesthetics appeal of the right painting.",Right,L,F,D,4
31,https://raw.githubusercontent.com/PON2020/vast/main/image31.png.png,"The left image (L) is more visually appealing due to its symmetrical and balanced composition. The right image (R) has a more geometric and angular feel, but its simplicity and stark contrast make it equally effective. Both are simple geometric shapes, but L's symmetry and R's angularity make it more engaging and thought-provoking.",Left,L,T,D,4
32,https://raw.githubusercontent.com/PON2020/vast/main/image32.png.png,"The image shows two simple black oval shapes, labeled L (left) and R (right), against a light gray background. The oval shape on the left is larger and more rounded, while the oval shape on the right is smaller and more pointed. Both are solid black silhouettes, without internal details or textures. The oval on the right appears slightly more rounded, while the oval on the left is more oval-shaped. The oval on the right has a subtle gradient or shading effect, while the oval on the left is uniformly black. The oval on the right is labeled R, which suggests it might be a design element or part of a larger composition.",Right,L,F,D,4
33,https://raw.githubusercontent.com/PON2020/vast/main/image33.png.png,"The image shows two abstract black and white designs, labeled L and R. L features a dynamic, swirling pattern with varying shades of black and white, while R showcases a smoother, more linear structure with similar black and white variations. Both designs are striking and visually engaging, capturing attention with their contrasting textures and shapes. The clarity and precision in L's form make it a more visually appealing and detailed image. In contrast, R's simplicity and uniformity make it a more minimalist and understated design. Both are effective in conveying a sense of movement and energy.",Left,R,F,D,4
34,https://raw.githubusercontent.com/PON2020/vast/main/image34.png.png,"Both images depict stylized figures, labeled L and R, rendered in black against a white background. The design elements are abstract and dynamic, resembling flowing lines or waves. The figure on R is larger and more dynamic, extending horizontally and reaching upwards, while the figure on L is smaller and positioned horizontally. Both figures share a similar composition, with curved and angular shapes. The overall aesthetic is modern and minimalist, emphasizing movement and energy. The design choice on R appears more visually striking due to its larger size and dynamic pose.",Right,L,F,D,4
35,https://raw.githubusercontent.com/PON2020/vast/main/image35.png.png,"The image shows two abstract shapes, labeled L (left) and R (right), against a gray background. Both are black silhouettes with irregular, organic forms. The left shape has a more symmetrical, balanced composition, while the right shape has a more dynamic, asymmetrical form. The right shape appears more visually interesting and dynamic due to the irregular edges and curves. The right shape is labeled R, which suggests it's the better design.",Right,R,T,D,4
36,https://raw.githubusercontent.com/PON2020/vast/main/image36.png.png,"The image shows two abstract black and white paintings, labeled L and R. L features a dynamic composition with swirling lines and shapes, creating a sense of movement and energy. The lines are predominantly thick and bold, contrasting sharply against the white background. R, on the other hand, is more static and features abstract forms and shapes, emphasizing lines and forms without much movement. Both paintings share a minimalist aesthetic, focusing on lines and shapes, but L's dynamic energy is more pronounced. R's abstract forms are more fluid and suggest movement but are less defined. Both pieces exhibit a stark contrast in style and subject matter.",Left,L,T,D,4
37,https://raw.githubusercontent.com/PON2020/vast/main/image37.png.png,"Both pictures are abstract geometric designs, composed of black shapes on a white background. The left image is labeled L and features a dynamic arrangement of triangles and curved lines. The right image is labeled R and features a more complex arrangement of triangles and curved lines. The right image appears more balanced and symmetrical compared to the left image. Both are visually appealing and have a modern aesthetic.",Not Given,R,NG,D,4
38,https://raw.githubusercontent.com/PON2020/vast/main/image38.png.png,"The image shows two abstract designs, labeled L and R. L features a dynamic composition of curved and angular shapes, while R showcases a more organic, flowing form. Both are monochromatic, utilizing black against a white background. The designs evoke a sense of movement and energy, with L appearing more energetic and dynamic. R's flowing form suggests a sense of fluidity and rhythm. Both are visually striking and intriguing, offering different aesthetics appeal.",Left,L,T,D,4
39,https://raw.githubusercontent.com/PON2020/vast/main/image39.png.png,"Both pictures are abstract artworks featuring dynamic black brushstrokes on a white background. The left image is labeled L, and the right image is labeled R. L is characterized by its flowing, swirling brushstrokes, creating a sense of movement and energy. The R image has more defined, circular brushstrokes, creating a sense of rhythm and balance. Both pieces share a similar abstract style but differ in their brushstroke patterns and the overall composition.",Left,R,F,D,4
40,https://raw.githubusercontent.com/PON2020/vast/main/image40.png.png,"The left image (L) is more visually striking and balanced compared to the right image (R). It features a more symmetrical and organic shape, resembling a stylized leaf or blob. The right image (R) has a more abstract and dynamic form, with irregular, flowing shapes that evoke a sense of movement and energy. Both images have a clean, minimalist aesthetic, but L offers a greater sense of balance and harmony.",Left,R,F,D,4
41,https://raw.githubusercontent.com/PON2020/vast/main/image41.png.png,"The left picture (L) is more abstract and dynamic, featuring bold, flowing lines and shapes that create a sense of movement and energy. The right picture (R) has a more structured and symmetrical composition, with defined forms and lines that create a sense of balance and harmony. Both pieces share a similar artistic style, but L offers a more expressive and expressive feel, while R presents a more balanced and refined aesthetic.",Left,R,F,D,4
42,https://raw.githubusercontent.com/PON2020/vast/main/image42.png.png,"The left picture (L) is an abstract composition of swirling black lines and shapes on a white background. It has a dynamic and expressive feel. The right picture (R) features more defined, geometric shapes and patterns in black against a white background. It has a more structured and balanced appearance. Both pieces share a similar style but differ in their aesthetics appeal, with L being more expressive and dynamic, and R being more structured and balanced.",Left,R,F,D,4
43,https://raw.githubusercontent.com/PON2020/vast/main/image43.png.png,"Both pictures are minimalist geometric designs, composed of black triangles on a white background. The left image features three triangles stacked vertically, while the right image has four triangles arranged in a more dynamic, overlapping pattern. Both are clean, geometric, and visually striking.

The left image (L) has a more balanced and symmetrical composition, while the right image (R) presents a more dynamic and interconnected arrangement. The right design appears more balanced and harmonious, while the left design is more visually engaging due to the overlapping triangles.",Right,L,F,D,4
44,https://raw.githubusercontent.com/PON2020/vast/main/image44.png.png,"Both pictures are minimalist black shapes on a white background. The left image (L) features a slightly curved, elongated form, while the right image (R) has a more rounded, organic shape. The right image (R) appears slightly more balanced and symmetrical compared to the left image (L). The right image (R) has a higher contrast and visual impact due to the black shapes against the white background.",Right,L,F,D,4
45,https://raw.githubusercontent.com/PON2020/vast/main/image45.png.png,"The left image (L) is more abstract and symmetrical, resembling a stylized wave or abstract floral shape. The right image (R) has a more dynamic, organic form with curved lines and sharp points, creating a sense of movement and energy. Both are minimalist and visually striking, but their aesthetics differ significantly.",Left,R,F,D,4
46,https://raw.githubusercontent.com/PON2020/vast/main/image46.png.png,"The left picture (L) is abstract and dynamic, featuring thick, bold brushstrokes in black against a white background. It conveys a sense of movement and energy. The right picture (R) shares a similar abstract style but with thinner, more delicate brushstrokes in black against a white background. It appears more refined and contemplative. Both pieces exhibit a striking contrast between light and dark areas, contributing to their visual appeal.",Left,L,T,D,4
47,https://raw.githubusercontent.com/PON2020/vast/main/image47.png.png,"The left picture (L) is more abstract and dynamic, featuring swirling lines and shapes that create a sense of movement and energy. The right picture (R) has a more structured composition, with defined forms and clear lines that suggest a deliberate design. Both are monochromatic, emphasizing contrast and texture. The right picture (R) appears more balanced and harmonious compared to the left picture (L).",Left,L,T,D,4
48,https://raw.githubusercontent.com/PON2020/vast/main/image48.png.png,"The left image (L) is more visually striking and balanced. The black shapes create a sense of symmetry and harmony, while the white background provides a stark contrast and emphasizes the shapes. The right image (R) has a more minimalist and geometric aesthetic. The black shapes are arranged more organically, lacking the symmetrical balance of the left image. The white background further simplifies the composition and draws attention to the shapes. The right image seems more effective in conveying a sense of simplicity and clarity.",Left,L,T,D,4
49,https://raw.githubusercontent.com/PON2020/vast/main/image49.png.png,"The left image (L) is more visually striking and balanced compared to the right image (R). It features a more symmetrical and flowing form, resembling a stylized human or abstract figure. The black shapes contrast sharply against the white background, creating a sense of depth and dimensionality. The overall aesthetic is minimalist and elegant.

In contrast, the right image (R) has a more abstract and dynamic feel. It features a more angular and organic form, resembling a stylized dress or garment. The black shapes are more fragmented and less defined, contributing to a sense of movement and energy. The contrast between the two designs is noticeable, highlighting the difference in aesthetics appeal between the two.",Left,R,F,D,4
50,https://raw.githubusercontent.com/PON2020/vast/main/image50.png.png,"The left picture (L) is more abstract and dynamic, featuring bold black brushstrokes against a white background. It conveys a sense of movement and energy. The right picture (R) has a more structured composition, with defined shapes and lines, creating a sense of order and balance. Both pieces share a similar abstract style but differ in their execution and overall aesthetic appeal.",Left,L,T,D,4