image_index,image_url,model_response,model choice:,Standard Answer,
1,https://raw.githubusercontent.com/PON2020/vast/main/image1.png.png,"USER:  
There are two pictures in this image: the one on the left is labeled L, and the one on the right is labeled R. Describe both pictures, and compare them in terms of their visual harmony. Then tell me which one is the better design. You must make a clear and unambiguous choice, and justify it. Keep your response under 200 words.
ASSISTANT: The two pictures in the image are quite similar, with the main difference being the direction of the frowning mouth. The left picture, labeled L, has the mouth pointing upwards, while the right picture, labeled R, has the mouth pointing downwards. The two images are otherwise identical, with the same facial features and expressions.

In terms of visual harmony, both images are well-designed and convey a sense of emotion. The frowning mouth adds a sense of depth and character to the images, making them more engaging and relatable. The choice between the two images is subjective, as both designs are effective in conveying the intended emotion. However, if I were to choose one, I would opt for the L image, as the mouth pointing upwards may evoke a slightly more positive or hopeful emotion, even though the difference is minimal.",L,R,F
2,https://raw.githubusercontent.com/PON2020/vast/main/image2.png.png,"USER:  
There are two pictures in this image: the one on the left is labeled L, and the one on the right is labeled R. Describe both pictures, and compare them in terms of their visual harmony. Then tell me which one is the better design. You must make a clear and unambiguous choice, and justify it. Keep your response under 200 words.
ASSISTANT: The two pictures in the image are quite similar, with the main difference being the direction of the yoga pose. The left picture, labeled L, shows a woman in a yoga pose, while the right picture, labeled R, shows the same pose but with the woman facing the opposite direction.

In terms of visual harmony, both pictures are well-executed and convey the same idea of a woman in a yoga pose. The choice between the two is subjective, but I would say that the L picture is slightly better in terms of design. The woman's pose is more aligned with the viewer's perspective, making it easier to appreciate the details of the pose. The R picture, while still a good design, may be slightly less visually appealing due to the woman's direction.",L,L,T
3,https://raw.githubusercontent.com/PON2020/vast/main/image3.png.png,"USER:  
There are two pictures in this image: the one on the left is labeled L, and the one on the right is labeled R. Describe both pictures, and compare them in terms of their visual harmony. Then tell me which one is the better design. You must make a clear and unambiguous choice, and justify it. Keep your response under 200 words.
ASSISTANT: The two pictures in the image are quite similar, with the main difference being the orientation of the design. The left picture, labeled L, features a design with a more prominent vertical element, while the right picture, labeled R, has a design with a more prominent horizontal element. Both designs showcase a black and white color scheme, and the overall visual harmony is quite good.

In terms of design, the L picture has a slightly more balanced composition, with the vertical element providing a sense of stability. On the other hand, the R picture has a more dynamic and flowing appearance, with the horizontal element adding a sense of movement.

Based on these observations, the L picture is the better design. Its more balanced composition and the vertical element create a sense of stability and harmony, while the R picture's horizontal element adds a dynamic and flowing quality to the design.",L,L,T
4,https://raw.githubusercontent.com/PON2020/vast/main/image4.png.png,"USER:  
There are two pictures in this image: the one on the left is labeled L, and the one on the right is labeled R. Describe both pictures, and compare them in terms of their visual harmony. Then tell me which one is the better design. You must make a clear and unambiguous choice, and justify it. Keep your response under 200 words.
ASSISTANT: The two pictures in the image are quite different in terms of visual harmony. The left picture, labeled L, features a more abstract and chaotic design, with a lot of black and white strokes. The right picture, labeled R, has a more organized and structured appearance, with a mix of black and white strokes and some red accents.

In terms of visual harmony, the right picture, R, is the better design. The red accents add a pop of color and create a sense of balance and cohesion in the composition. The left picture, L, appears more chaotic and disorganized, with a lack of clear structure or focal point. The red accents in the right picture help to draw the viewer's attention and create a sense of depth and dimension, while the left picture lacks these qualities.

Overall, the right picture, R, is the better design due to its more organized",R,R,T
5,https://raw.githubusercontent.com/PON2020/vast/main/image5.png.png,"USER:  
There are two pictures in this image: the one on the left is labeled L, and the one on the right is labeled R. Describe both pictures, and compare them in terms of their visual harmony. Then tell me which one is the better design. You must make a clear and unambiguous choice, and justify it. Keep your response under 200 words.
ASSISTANT: The two pictures in the image are quite similar, with the main difference being the orientation of the boat. In the left picture, the boat is facing left, while in the right picture, the boat is facing right. The boat is the main subject in both pictures, and the background is black.

In terms of visual harmony, both pictures have a similar composition, with the boat being the focal point. The contrast between the boat and the black background creates a sense of depth and balance. The boat's orientation in each picture adds variety and interest to the overall design.

As for which picture is the better design, it is subjective and depends on personal preferences. However, considering the boat's orientation and the overall visual harmony, the right picture might be slightly better in terms of design. The boat's orientation in the right picture adds more interest and variety to the composition, making it slightly more appealing than the left picture.",R,L,F
6,https://raw.githubusercontent.com/PON2020/vast/main/image6.png.png,"USER:  
There are two pictures in this image: the one on the left is labeled L, and the one on the right is labeled R. Describe both pictures, and compare them in terms of their visual harmony. Then tell me which one is the better design. You must make a clear and unambiguous choice, and justify it. Keep your response under 200 words.
ASSISTANT: The two pictures in the image are quite different in terms of visual harmony. The left picture, labeled L, features a black and white design with a black triangle and a white square. The right picture, labeled R, has a more complex design with a black triangle and a white square, but also includes a black hexagon.

In terms of visual harmony, the left picture, L, appears to be more balanced and cohesive. The black and white color scheme creates a sense of contrast and balance, while the black triangle and white square provide a clear focal point. The right picture, R, has a more intricate design with the inclusion of the black hexagon, but it may be perceived as less harmonious due to the additional complexity.

Based on these observations, the left picture, L, is the better design. Its simplicity and balance create a more visually appealing and cohesive image.",L,L,T
7,https://raw.githubusercontent.com/PON2020/vast/main/image7.png.png,"USER:  
There are two pictures in this image: the one on the left is labeled L, and the one on the right is labeled R. Describe both pictures, and compare them in terms of their visual harmony. Then tell me which one is the better design. You must make a clear and unambiguous choice, and justify it. Keep your response under 200 words.
ASSISTANT: The two pictures in the image are quite different in terms of visual harmony. The left picture, labeled L, features a black and white design with a more chaotic arrangement of shapes. The right picture, labeled R, has a more organized and cohesive design, with a mix of black and white squares.

In terms of visual harmony, the right picture, R, is the better design. The black and white squares create a sense of balance and order, while the left picture, L, appears more chaotic and disorganized. The right picture's design is more pleasing to the eye and demonstrates a higher level of visual harmony.",R,R,T
8,https://raw.githubusercontent.com/PON2020/vast/main/image8.png.png,"USER:  
There are two pictures in this image: the one on the left is labeled L, and the one on the right is labeled R. Describe both pictures, and compare them in terms of their visual harmony. Then tell me which one is the better design. You must make a clear and unambiguous choice, and justify it. Keep your response under 200 words.
ASSISTANT: The two pictures in the image showcase different artistic styles. The left picture, labeled L, features a more abstract design with a black and white color scheme. The right picture, labeled R, displays a more detailed and intricate design, with a mix of black and white, as well as some color elements.

In terms of visual harmony, the left picture, L, seems to have a more cohesive and balanced composition. The black and white color scheme creates a sense of unity and simplicity, while the right picture, R, appears to be more chaotic and complex.

Based on these observations, the left picture, L, is the better design. Its simplicity and cohesion make it more visually appealing and harmonious.",L,R,F
9,https://raw.githubusercontent.com/PON2020/vast/main/image9.png.png,"USER:  
There are two pictures in this image: the one on the left is labeled L, and the one on the right is labeled R. Describe both pictures, and compare them in terms of their visual harmony. Then tell me which one is the better design. You must make a clear and unambiguous choice, and justify it. Keep your response under 200 words.
ASSISTANT: The two pictures in the image are quite similar, with the main difference being the direction of the swirls. The swirls on the left picture are more curved, while the swirls on the right picture are more straight. The overall visual harmony of the two pictures is quite good, with the swirls creating a sense of movement and flow.

In terms of design, the left picture is slightly better. The swirls on the left picture are more curved, which adds a touch of elegance and sophistication to the design. The right picture's swirls are more straight, which gives it a more modern and minimalist appearance. However, both pictures are well-designed and create a visually appealing image.",L,L,T
10,https://raw.githubusercontent.com/PON2020/vast/main/image10.png.png,"USER:  
There are two pictures in this image: the one on the left is labeled L, and the one on the right is labeled R. Describe both pictures, and compare them in terms of their visual harmony. Then tell me which one is the better design. You must make a clear and unambiguous choice, and justify it. Keep your response under 200 words.
ASSISTANT: The two pictures in the image are quite different in terms of visual harmony. The left picture, labeled L, features a more abstract and chaotic design, with a mix of black and white colors. The right picture, labeled R, has a more organized and structured appearance, with a predominantly black color scheme.

In terms of visual harmony, the right picture, R, is the better design. The black color scheme creates a sense of unity and balance, while the left picture, L, seems more disorganized and chaotic. The right picture's structured design also makes it more visually appealing and easier to understand, whereas the left picture's abstract nature may be more challenging to interpret for some viewers.",R,L,F
11,https://raw.githubusercontent.com/PON2020/vast/main/image11.png.png,"USER:  
There are two pictures in this image: the one on the left is labeled L, and the one on the right is labeled R. Describe both pictures, and compare them in terms of their visual harmony. Then tell me which one is the better design. You must make a clear and unambiguous choice, and justify it. Keep your response under 200 words.
ASSISTANT: The two pictures in the image are quite similar, with the main difference being the orientation of the letters. The left picture, labeled L, has the letters arranged horizontally, while the right picture, labeled R, has the letters arranged vertically. Despite these differences, both pictures feature a similar design with the letters arranged in a visually appealing manner.

In terms of visual harmony, both pictures are well-executed and create a sense of balance and cohesion. The choice between the two is subjective, and it depends on personal preferences. However, if I were to choose one as the better design, I would opt for the L picture, as the horizontal arrangement of the letters creates a more dynamic and visually engaging composition.",L,R,F
12,https://raw.githubusercontent.com/PON2020/vast/main/image12.png.png,"USER:  
There are two pictures in this image: the one on the left is labeled L, and the one on the right is labeled R. Describe both pictures, and compare them in terms of their visual harmony. Then tell me which one is the better design. You must make a clear and unambiguous choice, and justify it. Keep your response under 200 words.
ASSISTANT: The two pictures in the image are quite similar, featuring a black and white color scheme with a mix of abstract shapes and lines. The visual harmony between the two pictures is quite strong, as they share a similar aesthetic and design.

The left picture, labeled L, has a slightly more prominent black color, while the right picture, labeled R, has a slightly more prominent white color. Despite these minor differences, both pictures are visually cohesive and well-balanced.

In terms of design, I would say that the left picture, labeled L, is the better design. This is because the black color in the left picture creates a stronger contrast with the white color, resulting in a more striking and visually engaging image. The right picture, labeled R, is still a beautiful piece of art, but the black color is less prominent, making it slightly less striking and engaging than the left picture.",L,L,T
13,https://raw.githubusercontent.com/PON2020/vast/main/image13.png.png,"USER:  
There are two pictures in this image: the one on the left is labeled L, and the one on the right is labeled R. Describe both pictures, and compare them in terms of their visual harmony. Then tell me which one is the better design. You must make a clear and unambiguous choice, and justify it. Keep your response under 200 words.
ASSISTANT: The two pictures in the image are quite different in terms of visual harmony. The left picture, labeled L, features a black and white design with a white circle in the center. The right picture, labeled R, has a more complex design with a white circle surrounded by black and white elements.

In terms of visual harmony, the left picture has a more straightforward and balanced design, with the white circle being the focal point. The right picture, on the other hand, has a more intricate and busy design, with the white circle being just one of several elements.

Based on these observations, the left picture is the better design. Its simplicity and balance make it more visually appealing and harmonious.",L,R,F
14,https://raw.githubusercontent.com/PON2020/vast/main/image14.png.png,"USER:  
There are two pictures in this image: the one on the left is labeled L, and the one on the right is labeled R. Describe both pictures, and compare them in terms of their visual harmony. Then tell me which one is the better design. You must make a clear and unambiguous choice, and justify it. Keep your response under 200 words.
ASSISTANT: The two pictures in the image are quite similar, with the main difference being the orientation of the star. The left picture, labeled L, features a black star with a white background, while the right picture, labeled R, has a white star with a black background. Both pictures have a black star with a white background, but the orientation of the star is reversed.

In terms of visual harmony, both pictures have a similar design, with the star being the main focal point. The contrast between the star and the background adds to the overall aesthetic. However, the orientation of the star in the R picture creates a more balanced and symmetrical appearance.

Based on these observations, the R picture is the better design. The reversed orientation of the star in the R picture creates a more balanced and visually appealing composition, making it the preferred choice.",R,L,F
15,https://raw.githubusercontent.com/PON2020/vast/main/image15.png.png,"USER:  
There are two pictures in this image: the one on the left is labeled L, and the one on the right is labeled R. Describe both pictures, and compare them in terms of their visual harmony. Then tell me which one is the better design. You must make a clear and unambiguous choice, and justify it. Keep your response under 200 words.
ASSISTANT: The two pictures in the image are quite similar, with the main difference being the orientation of the black and white design. The left picture, labeled L, features the design in a vertical orientation, while the right picture, labeled R, displays the design in a horizontal orientation.

In terms of visual harmony, both designs are well-balanced and feature a black and white color scheme. The black lines create a strong contrast against the white background, which adds to the overall aesthetic appeal.

As for which one is the better design, it is subjective and depends on personal preferences. However, considering the vertical orientation of the design in the L picture, it might be perceived as slightly more balanced and visually appealing.",L,L,T
16,https://raw.githubusercontent.com/PON2020/vast/main/image16.png.png,"USER:  
There are two pictures in this image: the one on the left is labeled L, and the one on the right is labeled R. Describe both pictures, and compare them in terms of their visual harmony. Then tell me which one is the better design. You must make a clear and unambiguous choice, and justify it. Keep your response under 200 words.
ASSISTANT: The two pictures in the image are quite different in terms of visual harmony. The left picture, labeled L, features a more chaotic and abstract design, with a mix of black and white colors. The right picture, labeled R, has a more organized and structured appearance, with a predominantly black color scheme.

In terms of visual harmony, the right picture, R, is the better design. The black color scheme creates a sense of unity and balance, while the left picture, L, seems more disorganized and chaotic. The right picture's structured design also makes it more visually appealing and easier to understand, whereas the left picture's abstract nature may be more challenging to interpret for some viewers.",R,R,T
17,https://raw.githubusercontent.com/PON2020/vast/main/image17.png.png,"USER:  
There are two pictures in this image: the one on the left is labeled L, and the one on the right is labeled R. Describe both pictures, and compare them in terms of their visual harmony. Then tell me which one is the better design. You must make a clear and unambiguous choice, and justify it. Keep your response under 200 words.
ASSISTANT: The image features two pictures, one on the left labeled L and the other on the right labeled R. Both pictures are black and white, and they share a similar visual harmony. They are both composed of two main elements: a face and a head. The face on the left is more prominent, while the face on the right is smaller and partially obscured by the head.

In terms of visual harmony, both pictures have a similar composition and balance between the face and the head. However, the left picture has a more prominent face, which makes it slightly more visually appealing.

In conclusion, the left picture is the better design due to its more prominent face and the overall balance between the face and the head.",L,L,T
18,https://raw.githubusercontent.com/PON2020/vast/main/image18.png.png,"USER:  
There are two pictures in this image: the one on the left is labeled L, and the one on the right is labeled R. Describe both pictures, and compare them in terms of their visual harmony. Then tell me which one is the better design. You must make a clear and unambiguous choice, and justify it. Keep your response under 200 words.
ASSISTANT: The two pictures in the image are quite different in terms of visual harmony. The left picture, labeled L, features a black and white design with a chair and a bench. The right picture, labeled R, has a more abstract design with a chair and a bench, but the colors are more vibrant and varied.

In terms of visual harmony, the left picture, L, seems to have a more cohesive design. The black and white color scheme creates a sense of balance and simplicity, while the chair and bench elements are more recognizable and relatable. On the other hand, the right picture, R, has a more chaotic and disordered appearance due to the vibrant colors and the abstract nature of the design.

Based on these observations, the left picture, L, is the better design. Its black and white color scheme and the recognizable elements of a chair and bench create a more harmon",L,L,T
19,https://raw.githubusercontent.com/PON2020/vast/main/image19.png.png,"USER:  
There are two pictures in this image: the one on the left is labeled L, and the one on the right is labeled R. Describe both pictures, and compare them in terms of their visual harmony. Then tell me which one is the better design. You must make a clear and unambiguous choice, and justify it. Keep your response under 200 words.
ASSISTANT: The two pictures in the image are quite different in terms of visual harmony. The left picture, labeled L, features a black and white design with a lot of black lines, creating a sense of depth and complexity. The right picture, labeled R, is a simple black and white design with fewer lines, giving it a more minimalist and clean appearance.

In terms of visual harmony, the left picture, L, seems to have a more balanced and harmonious design. The black lines create a sense of balance and structure, while the contrast between the black and white colors adds depth and interest to the image. On the other hand, the right picture, R, appears to be more simplistic and lacks the visual interest of the left picture.

Based on these observations, the left picture, L, is the better design. Its black and white color scheme, along with the numerous black lines, creates a visually appealing and balanced",L,L,T
20,https://raw.githubusercontent.com/PON2020/vast/main/image20.png.png,"USER:  
There are two pictures in this image: the one on the left is labeled L, and the one on the right is labeled R. Describe both pictures, and compare them in terms of their visual harmony. Then tell me which one is the better design. You must make a clear and unambiguous choice, and justify it. Keep your response under 200 words.
ASSISTANT: The two pictures in the image are quite similar, with the main difference being the orientation of the letters. The left picture, labeled L, features the letters in a vertical orientation, while the right picture, labeled R, shows the letters in a horizontal orientation.

In terms of visual harmony, both pictures have a strong sense of balance and symmetry. The letters are well-proportioned, and the overall composition of the images is pleasing to the eye.

As for which one is the better design, it is subjective and depends on personal preferences. However, considering the vertical orientation of the letters in the L picture, it might be perceived as slightly more balanced and visually appealing.",L,L,T
21,https://raw.githubusercontent.com/PON2020/vast/main/image21.png.png,"USER:  
There are two pictures in this image: the one on the left is labeled L, and the one on the right is labeled R. Describe both pictures, and compare them in terms of their visual harmony. Then tell me which one is the better design. You must make a clear and unambiguous choice, and justify it. Keep your response under 200 words.
ASSISTANT: The image features two pictures, one on the left labeled L and the other on the right labeled R. Both pictures are black and white, and they share a similar design. They are both circular in shape, with a hole in the center. The main difference between the two is the size and positioning of the hole. The L picture has a larger hole, while the R picture has a smaller hole. The L picture is positioned on the left side of the image, while the R picture is positioned on the right side.

In terms of visual harmony, both pictures have a similar design, which creates a sense of balance and cohesion. The black and white color scheme adds a timeless and classic touch to the images. However, the size and positioning of the hole in each picture create a subtle difference that sets them apart.

Based on the visual harmony and the subtle differences, the R picture is the better design.",R,L,F
22,https://raw.githubusercontent.com/PON2020/vast/main/image22.png.png,"USER:  
There are two pictures in this image: the one on the left is labeled L, and the one on the right is labeled R. Describe both pictures, and compare them in terms of their visual harmony. Then tell me which one is the better design. You must make a clear and unambiguous choice, and justify it. Keep your response under 200 words.
ASSISTANT: The two pictures in the image are quite different in terms of visual harmony. The left picture, labeled L, features a black and white design with a white circle in the center. The right picture, labeled R, has a more abstract design with a black and white color scheme.

The left picture, L, has a more traditional and harmonious design, with the white circle in the center serving as a focal point. The right picture, R, has a more unconventional and chaotic design, with the black and white colors creating a sense of disorder.

In terms of visual harmony, the left picture, L, is the better design. Its traditional and harmonious design creates a sense of balance and order, while the right picture, R, has a more chaotic and disordered appearance.",L,R,F
23,https://raw.githubusercontent.com/PON2020/vast/main/image23.png.png,"USER:  
There are two pictures in this image: the one on the left is labeled L, and the one on the right is labeled R. Describe both pictures, and compare them in terms of their visual harmony. Then tell me which one is the better design. You must make a clear and unambiguous choice, and justify it. Keep your response under 200 words.
ASSISTANT: The two pictures in the image are quite similar, both featuring a black and white design with a chair as the main subject. The chair in the left picture is labeled L, while the chair in the right picture is labeled R. The visual harmony between the two pictures is quite strong, as they share the same basic composition and design elements.

However, there are some subtle differences between the two pictures. The chair in the left picture appears to be slightly more distorted, with a slightly different shape and angle. Additionally, the right picture has a slightly different shade of black, which gives it a slightly darker appearance.

In terms of design, the left picture is slightly better. The distortion in the left picture adds a touch of uniqueness and interest, while the right picture's slightly darker shade of black can make it appear slightly less balanced. Overall, the left picture is the better design, as it offers a slightly",L,R,F
24,https://raw.githubusercontent.com/PON2020/vast/main/image24.png.png,"USER:  
There are two pictures in this image: the one on the left is labeled L, and the one on the right is labeled R. Describe both pictures, and compare them in terms of their visual harmony. Then tell me which one is the better design. You must make a clear and unambiguous choice, and justify it. Keep your response under 200 words.
ASSISTANT: The two pictures in the image are quite similar, featuring a black and white color scheme with a mix of curved and straight lines. The main difference between the two is the orientation of the lines, with one picture having the lines running horizontally and the other vertically.

In terms of visual harmony, both pictures have a cohesive design that showcases the artist's skill in creating a visually appealing piece. The black and white color scheme adds a timeless and classic touch to the artwork.

As for which one is the better design, it is subjective and depends on personal preferences. However, I would choose the picture on the right, labeled R, as it has a slightly more dynamic and engaging appearance, with the lines running vertically, which adds a sense of depth and movement to the artwork.",R,R,T
25,https://raw.githubusercontent.com/PON2020/vast/main/image25.png.png,"USER:  
There are two pictures in this image: the one on the left is labeled L, and the one on the right is labeled R. Describe both pictures, and compare them in terms of their visual harmony. Then tell me which one is the better design. You must make a clear and unambiguous choice, and justify it. Keep your response under 200 words.
ASSISTANT: The two pictures in the image are quite similar, featuring a black and white design with numerous white dots scattered throughout the scene. The main difference between the two is the orientation of the dots, with the dots in the L picture being more densely packed, while the dots in the R picture are more spread out.

In terms of visual harmony, both pictures have a similar aesthetic, with the white dots creating a sense of balance and unity. However, the L picture may be considered the better design due to the more densely packed dots, which can create a stronger visual impact and draw more attention to the picture. The R picture, on the other hand, may appear slightly less cohesive due to the more spread out dots.

Ultimately, the choice between the two pictures is subjective, and both designs can be appreciated for their unique qualities.",L,L,T
26,https://raw.githubusercontent.com/PON2020/vast/main/image26.png.png,"USER:  
There are two pictures in this image: the one on the left is labeled L, and the one on the right is labeled R. Describe both pictures, and compare them in terms of their visual harmony. Then tell me which one is the better design. You must make a clear and unambiguous choice, and justify it. Keep your response under 200 words.
ASSISTANT: The two pictures in the image are quite similar, featuring a black and white color scheme with a focus on abstract shapes. The left picture, labeled L, has a slightly more prominent circular shape in the center, while the right picture, labeled R, has a slightly more prominent circular shape towards the right side. Both pictures exhibit a sense of harmony and balance, with the shapes and colors complementing each other.

In terms of design, the right picture, labeled R, is slightly better. The circular shape in the right picture is more prominent and visually engaging, while the circular shape in the left picture is slightly less prominent. Additionally, the right picture has a slightly more cohesive color scheme, with the black and white tones blending more harmoniously. Overall, the right picture, labeled R, is the better design.",R,L,F
27,https://raw.githubusercontent.com/PON2020/vast/main/image27.png.png,"USER:  
There are two pictures in this image: the one on the left is labeled L, and the one on the right is labeled R. Describe both pictures, and compare them in terms of their visual harmony. Then tell me which one is the better design. You must make a clear and unambiguous choice, and justify it. Keep your response under 200 words.
ASSISTANT: The two pictures in the image are quite similar, with the main difference being the orientation of the shapes. The left picture, labeled L, features a black shape with a hole in the center, while the right picture, labeled R, has a similar shape but with the hole on the right side. Both pictures have a black background, which adds to the visual harmony.

In terms of visual harmony, both pictures have a similar design, with the shapes being the main focus. The orientation of the shapes in the L picture is more symmetrical, with the hole in the center, while the R picture has the hole on the right side. The L picture might be considered the better design due to the more balanced and symmetrical arrangement of the shape.

In conclusion, the left picture, labeled L, is the better design due to the more symmetrical arrangement of the shape with the hole in the center.",L,R,F
28,https://raw.githubusercontent.com/PON2020/vast/main/image28.png.png,"USER:  
There are two pictures in this image: the one on the left is labeled L, and the one on the right is labeled R. Describe both pictures, and compare them in terms of their visual harmony. Then tell me which one is the better design. You must make a clear and unambiguous choice, and justify it. Keep your response under 200 words.
ASSISTANT: The two pictures in the image are quite similar, with the main difference being the orientation of the shapes. The left picture, labeled L, features a black heart shape with a smaller heart shape inside it. The right picture, labeled R, has a similar arrangement, but with the smaller heart shape on top.

In terms of visual harmony, both pictures have a strong sense of balance and symmetry. The black heart shape serves as a focal point, while the smaller heart shape inside it adds depth and interest. The overall design is simple yet effective, creating a visually appealing image.

As for which one is the better design, it is subjective and depends on personal preferences. However, considering the similarities and differences between the two pictures, the left picture, labeled L, might be slightly better due to the smaller heart shape on top, which adds a subtle variation to the overall design.",L,R,F
29,https://raw.githubusercontent.com/PON2020/vast/main/image29.png.png,"USER:  
There are two pictures in this image: the one on the left is labeled L, and the one on the right is labeled R. Describe both pictures, and compare them in terms of their visual harmony. Then tell me which one is the better design. You must make a clear and unambiguous choice, and justify it. Keep your response under 200 words.
ASSISTANT: The two pictures in the image are quite similar, featuring a black and white design with a mix of squares and rectangles. The visual harmony between the two pictures is quite strong, as they share a similar composition and pattern.

However, there are some subtle differences between the two pictures. The L picture has a slightly more prominent square in the middle, while the R picture has a slightly more prominent square on the right side. Additionally, the L picture has a slightly more prominent rectangle on the left side, while the R picture has a slightly more prominent rectangle on the right side.

In terms of design, the R picture is slightly better. The reason is that the R picture has a slightly more prominent and balanced square in the middle, which adds a touch of elegance and sophistication to the overall design. The L picture, on the other hand, has a slightly more prominent and balanced rectangle on the left side, which may not be as vis",R,R,T
30,https://raw.githubusercontent.com/PON2020/vast/main/image30.png.png,"USER:  
There are two pictures in this image: the one on the left is labeled L, and the one on the right is labeled R. Describe both pictures, and compare them in terms of their visual harmony. Then tell me which one is the better design. You must make a clear and unambiguous choice, and justify it. Keep your response under 200 words.
ASSISTANT: The two pictures in the image are quite different in terms of visual harmony. The left picture, labeled L, features a more chaotic and abstract design, with a mix of black and white colors. The right picture, labeled R, has a more organized and structured appearance, with a predominantly black color scheme.

In terms of visual harmony, the left picture, L, seems to lack a clear focal point and lacks a sense of balance. The right picture, R, has a more cohesive design, with a clear focal point and a sense of balance.

Based on these observations, the right picture, R, is the better design. Its structured appearance and predominantly black color scheme create a more visually appealing and harmonious composition.",R,L,F
31,https://raw.githubusercontent.com/PON2020/vast/main/image31.png.png,"USER:  
There are two pictures in this image: the one on the left is labeled L, and the one on the right is labeled R. Describe both pictures, and compare them in terms of their visual harmony. Then tell me which one is the better design. You must make a clear and unambiguous choice, and justify it. Keep your response under 200 words.
ASSISTANT: The two pictures in the image are of a black and white square. The left picture is labeled L, and the right picture is labeled R. Both pictures have a similar design, but the R picture appears to be slightly larger and more prominent.

In terms of visual harmony, both pictures have a balanced and symmetrical composition. The black and white color scheme adds a sense of simplicity and elegance to the design.

As for which one is the better design, it is subjective and depends on personal preferences. However, considering the size and prominence of the R picture, it might be considered the better design.",R,L,F
32,https://raw.githubusercontent.com/PON2020/vast/main/image32.png.png,"USER:  
There are two pictures in this image: the one on the left is labeled L, and the one on the right is labeled R. Describe both pictures, and compare them in terms of their visual harmony. Then tell me which one is the better design. You must make a clear and unambiguous choice, and justify it. Keep your response under 200 words.
ASSISTANT: The two pictures in the image are quite similar, with the main difference being the orientation of the eggs. The left picture, labeled L, features two eggs placed horizontally, while the right picture, labeled R, shows two eggs placed vertically. The visual harmony between the two pictures is quite good, as the eggs are placed in a similar manner and are of similar size.

In terms of design, the left picture, labeled L, is slightly better. This is because the eggs are placed horizontally, which creates a more balanced and visually appealing composition. The right picture, labeled R, has the eggs placed vertically, which can make the picture look a bit unbalanced or disorganized. However, both pictures are quite similar and can be considered as good designs.",NA,L,NG
33,https://raw.githubusercontent.com/PON2020/vast/main/image33.png.png,"USER:  
There are two pictures in this image: the one on the left is labeled L, and the one on the right is labeled R. Describe both pictures, and compare them in terms of their visual harmony. Then tell me which one is the better design. You must make a clear and unambiguous choice, and justify it. Keep your response under 200 words.
ASSISTANT: The two pictures in the image are quite similar, featuring a black and white color scheme with a mix of horizontal and vertical lines. The main difference between the two is the orientation of the lines, with the lines in the L picture being more horizontal, while the lines in the R picture are more vertical.

In terms of visual harmony, both pictures create a sense of balance and order. The black and white color scheme adds a timeless and classic feel to the images. The lines in both pictures contribute to a sense of depth and complexity, inviting the viewer to explore the patterns and details further.

As for which one is the better design, it is subjective and depends on personal preferences. However, considering the lines' orientation, the L picture might be slightly more visually appealing, as the horizontal lines create a sense of movement and dynamism, while the vertical lines in the R picture can appear slightly static or rigid.",L,R,F
34,https://raw.githubusercontent.com/PON2020/vast/main/image34.png.png,"USER:  
There are two pictures in this image: the one on the left is labeled L, and the one on the right is labeled R. Describe both pictures, and compare them in terms of their visual harmony. Then tell me which one is the better design. You must make a clear and unambiguous choice, and justify it. Keep your response under 200 words.
ASSISTANT: The two pictures in the image are quite similar, with the main difference being the orientation of the person. The left picture, labeled L, features a person in a black and white design, while the right picture, labeled R, has the same person in a colorful design. The person in the R picture is more vibrant and colorful, while the L picture has a more monochromatic appearance.

In terms of visual harmony, the R picture seems to have a better design. The colorful elements in the R picture create a more dynamic and visually appealing composition. The L picture, on the other hand, appears more static and lacks the vibrancy of the R picture.

Therefore, the R picture is the better design, as it offers a more engaging and visually appealing experience.",R,L,F
35,https://raw.githubusercontent.com/PON2020/vast/main/image35.png.png,"USER:  
There are two pictures in this image: the one on the left is labeled L, and the one on the right is labeled R. Describe both pictures, and compare them in terms of their visual harmony. Then tell me which one is the better design. You must make a clear and unambiguous choice, and justify it. Keep your response under 200 words.
ASSISTANT: The two pictures in the image are quite different in terms of design. The left picture, labeled L, features a black and white geometric shape with a curved line, giving it a more abstract and modern appearance. On the other hand, the right picture, labeled R, showcases a more traditional and classic design, with a black and white geometric shape that resembles a swirl or a spiral.

In terms of visual harmony, the left picture, labeled L, seems to have a more cohesive and balanced design. The black and white color scheme, along with the curved line, creates a sense of unity and simplicity. In contrast, the right picture, labeled R, appears to be more chaotic and disorganized, with the swirl or spiral shape not having a clear focal point.

Based on these observations, the left picture, labeled L, is the better design. Its simplicity and coh",L,R,F
36,https://raw.githubusercontent.com/PON2020/vast/main/image36.png.png,"USER:  
There are two pictures in this image: the one on the left is labeled L, and the one on the right is labeled R. Describe both pictures, and compare them in terms of their visual harmony. Then tell me which one is the better design. You must make a clear and unambiguous choice, and justify it. Keep your response under 200 words.
ASSISTANT: The two pictures in the image are quite different in terms of visual harmony. The left picture, labeled L, features a more abstract and chaotic design, with a mix of black and white colors. The right picture, labeled R, has a more organized and structured appearance, with a predominantly black and white color scheme.

In terms of visual harmony, the right picture, R, is the better design. The black and white color scheme creates a sense of balance and order, while the left picture, L, appears more chaotic and disorganized. The right picture's design is more cohesive and harmonious, making it a more visually appealing piece of art.",R,L,F
37,https://raw.githubusercontent.com/PON2020/vast/main/image37.png.png,"USER:  
There are two pictures in this image: the one on the left is labeled L, and the one on the right is labeled R. Describe both pictures, and compare them in terms of their visual harmony. Then tell me which one is the better design. You must make a clear and unambiguous choice, and justify it. Keep your response under 200 words.
ASSISTANT: The two pictures in the image are quite different in terms of visual harmony. The left picture, labeled L, features a more abstract design with a black and white color scheme. The right picture, labeled R, has a more geometric shape with a black and white color scheme as well.

In terms of visual harmony, the left picture, labeled L, appears to be more cohesive and balanced. The black and white color scheme creates a sense of unity and simplicity, while the right picture, labeled R, seems to lack a clear focal point. The geometric shape of the right picture might be perceived as less harmonious than the abstract design of the left picture.

Based on these observations, the left picture, labeled L, is the better design. Its abstract shape and black and white color scheme create a sense of balance and visual harmony, while the right picture, labeled R, lacks a clear focal",L,R,F
38,https://raw.githubusercontent.com/PON2020/vast/main/image38.png.png,"USER:  
There are two pictures in this image: the one on the left is labeled L, and the one on the right is labeled R. Describe both pictures, and compare them in terms of their visual harmony. Then tell me which one is the better design. You must make a clear and unambiguous choice, and justify it. Keep your response under 200 words.
ASSISTANT: The two pictures in the image are of a person sitting in a chair. The one on the left is labeled L, and the one on the right is labeled R. Both pictures show a person sitting in a chair, but the R picture has a more harmonious design. The R picture has a more balanced composition, with the person sitting in the chair taking up a larger portion of the image. The L picture, on the other hand, has a more cramped composition, with the person sitting in the chair occupying a smaller portion of the image. The R picture is the better design, as it has a more visually appealing and harmonious composition.",R,L,F
39,https://raw.githubusercontent.com/PON2020/vast/main/image39.png.png,"USER:  
There are two pictures in this image: the one on the left is labeled L, and the one on the right is labeled R. Describe both pictures, and compare them in terms of their visual harmony. Then tell me which one is the better design. You must make a clear and unambiguous choice, and justify it. Keep your response under 200 words.
ASSISTANT: The two pictures in the image are quite different in terms of visual harmony. The left picture, labeled L, features a black and white design with a lot of white space, giving it a more minimalist and clean appearance. The right picture, labeled R, has a more complex and intricate design, with a mix of black and white elements, as well as some color.

In terms of visual harmony, the left picture, L, seems to have a more cohesive and balanced design. The black and white color scheme creates a sense of unity and simplicity, while the white space adds to the overall cleanliness of the image. On the other hand, the right picture, R, appears to be more chaotic and disorganized, with the mix of black and white elements and the inclusion of color creating a sense of clutter and disarray.

Based on these observations, the left picture, L, is the better design.",L,R,F
40,https://raw.githubusercontent.com/PON2020/vast/main/image40.png.png,"USER:  
There are two pictures in this image: the one on the left is labeled L, and the one on the right is labeled R. Describe both pictures, and compare them in terms of their visual harmony. Then tell me which one is the better design. You must make a clear and unambiguous choice, and justify it. Keep your response under 200 words.
ASSISTANT: The two pictures in the image are quite similar, with the main difference being the orientation of the shapes. The left picture, labeled L, features a more prominent black shape, while the right picture, labeled R, has a smaller black shape. Both pictures have a black shape and a white background, creating a visually harmonious design.

In terms of design, the left picture, labeled L, is the better choice. The larger black shape in the left picture stands out more, making it more visually striking. The smaller black shape in the right picture, labeled R, appears less prominent and less visually engaging. The left picture's design is more striking and eye-catching, while the right picture's design is less memorable.",L,R,F
41,https://raw.githubusercontent.com/PON2020/vast/main/image41.png.png,"USER:  
There are two pictures in this image: the one on the left is labeled L, and the one on the right is labeled R. Describe both pictures, and compare them in terms of their visual harmony. Then tell me which one is the better design. You must make a clear and unambiguous choice, and justify it. Keep your response under 200 words.
ASSISTANT: The two pictures in the image are quite different in terms of design and visual harmony. The left picture, labeled L, features a more abstract and chaotic composition, with a mix of black and white colors. The right picture, labeled R, has a more organized and structured design, with a predominantly black color scheme.

In terms of visual harmony, the left picture seems to lack a clear focal point and lacks a sense of balance. The right picture, on the other hand, has a more cohesive composition, with a clear focal point and a sense of balance.

Based on these observations, the right picture, labeled R, is the better design. Its structured composition and predominantly black color scheme create a more visually appealing and harmonious image.",R,R,T
42,https://raw.githubusercontent.com/PON2020/vast/main/image42.png.png,"USER:  
There are two pictures in this image: the one on the left is labeled L, and the one on the right is labeled R. Describe both pictures, and compare them in terms of their visual harmony. Then tell me which one is the better design. You must make a clear and unambiguous choice, and justify it. Keep your response under 200 words.
ASSISTANT: The two pictures in the image are quite different in terms of visual harmony. The left picture, labeled L, features a more chaotic and disorganized arrangement of black and white shapes. The right picture, labeled R, has a more cohesive and structured design, with a series of interconnected black and white shapes.

In terms of visual harmony, the right picture, R, is the better design. The shapes in the right picture are more organized and flow seamlessly, creating a sense of balance and harmony. In contrast, the left picture, L, has a more chaotic arrangement of shapes, which can be visually overwhelming and disruptive to the viewer's perception.

Overall, the right picture, R, is the better design due to its more cohesive and structured arrangement of shapes, which creates a sense of balance and harmony.",R,R,T
43,https://raw.githubusercontent.com/PON2020/vast/main/image43.png.png,"USER:  
There are two pictures in this image: the one on the left is labeled L, and the one on the right is labeled R. Describe both pictures, and compare them in terms of their visual harmony. Then tell me which one is the better design. You must make a clear and unambiguous choice, and justify it. Keep your response under 200 words.
ASSISTANT: The two pictures in the image are quite different in terms of visual harmony. The left picture, labeled L, features a black triangle with a white triangle inside it, creating a sense of depth and complexity. The right picture, labeled R, showcases a black triangle with a white triangle on top of it, which gives off a more straightforward and minimalist vibe.

In terms of visual harmony, the left picture, labeled L, seems to have a more balanced and harmonious design. The white triangle inside the black triangle adds a touch of contrast and balance, while the black triangle itself provides a strong, bold element. On the other hand, the right picture, labeled R, appears to be less visually appealing due to the lack of contrast and the minimalist design. The white triangle on top of the black triangle does not create a sense of depth or complexity, making the overall design less engaging and harmonious.

",L,L,T
44,https://raw.githubusercontent.com/PON2020/vast/main/image44.png.png,"USER:  
There are two pictures in this image: the one on the left is labeled L, and the one on the right is labeled R. Describe both pictures, and compare them in terms of their visual harmony. Then tell me which one is the better design. You must make a clear and unambiguous choice, and justify it. Keep your response under 200 words.
ASSISTANT: The two pictures in the image are quite similar, with the main difference being the orientation of the teeth. The left picture, labeled L, has the teeth facing upwards, while the right picture, labeled R, has the teeth facing downwards. The overall design of both pictures is visually harmonious, with the teeth being the main focal point.

In terms of design, the R picture is slightly better. The teeth in the R picture are more aligned and have a more cohesive appearance. The L picture has the teeth slightly more spread out, which gives it a slightly less organized look. However, both pictures are well-designed and convey the intended message effectively.",R,L,F
45,https://raw.githubusercontent.com/PON2020/vast/main/image45.png.png,"USER:  
There are two pictures in this image: the one on the left is labeled L, and the one on the right is labeled R. Describe both pictures, and compare them in terms of their visual harmony. Then tell me which one is the better design. You must make a clear and unambiguous choice, and justify it. Keep your response under 200 words.
ASSISTANT: The two pictures in the image are quite similar, with the main difference being the orientation of the black and white waves. The left picture, labeled L, has the waves running horizontally, while the right picture, labeled R, has the waves running vertically. Despite these minor differences, the overall visual harmony between the two pictures is quite strong.

In terms of design, the left picture, labeled L, is slightly better. The waves in the L picture are more aligned, creating a more cohesive and balanced composition. The right picture, labeled R, has a slightly more disorganized arrangement of the waves, which can make it appear less harmonious. However, both pictures are quite visually appealing and demonstrate the artist's skill in creating aesthetically pleasing designs.",L,R,F
46,https://raw.githubusercontent.com/PON2020/vast/main/image46.png.png,"USER:  
There are two pictures in this image: the one on the left is labeled L, and the one on the right is labeled R. Describe both pictures, and compare them in terms of their visual harmony. Then tell me which one is the better design. You must make a clear and unambiguous choice, and justify it. Keep your response under 200 words.
ASSISTANT: The two pictures in the image are quite different in terms of visual harmony. The left picture, labeled L, features a more abstract and chaotic design, with a mix of black and white colors. The right picture, labeled R, has a more organized and structured appearance, with a predominantly black color scheme.

In terms of visual harmony, the right picture, R, is the better design. The black color scheme creates a sense of unity and balance, while the left picture, L, seems more disorganized and chaotic. The right picture's structured design also makes it more appealing and aesthetically pleasing.

In conclusion, the right picture, R, is the better design due to its more organized and structured appearance, as well as its black color scheme, which creates a sense of harmony and balance.",R,L,F
47,https://raw.githubusercontent.com/PON2020/vast/main/image47.png.png,"USER:  
There are two pictures in this image: the one on the left is labeled L, and the one on the right is labeled R. Describe both pictures, and compare them in terms of their visual harmony. Then tell me which one is the better design. You must make a clear and unambiguous choice, and justify it. Keep your response under 200 words.
ASSISTANT: The two pictures in the image are quite different in terms of visual harmony. The left picture, labeled L, features a more abstract and chaotic design, with a lot of white space and a sense of movement. The right picture, labeled R, has a more structured and organized appearance, with a clear focus on the central element, which is a car.

In terms of design, the right picture, R, is the better choice. The car in the center of the picture is the focal point, and the surrounding elements, such as the wheels and the background, are well-organized and complementary. The left picture, L, has a more disorganized and chaotic appearance, with a lot of white space and a sense of movement that does not create a cohesive visual experience. The right picture, R, presents a more harmonious and balanced composition, which makes it a better design.",R,L,F
48,https://raw.githubusercontent.com/PON2020/vast/main/image48.png.png,"USER:  
There are two pictures in this image: the one on the left is labeled L, and the one on the right is labeled R. Describe both pictures, and compare them in terms of their visual harmony. Then tell me which one is the better design. You must make a clear and unambiguous choice, and justify it. Keep your response under 200 words.
ASSISTANT: The two pictures in the image are of a sailboat. The one on the left is labeled L, and the one on the right is labeled R. Both pictures showcase a sailboat with a canopy, but the R picture has a slightly different perspective.

In terms of visual harmony, the L picture seems to have a more balanced and symmetrical design, with the sailboat occupying a larger portion of the image. The R picture, on the other hand, has a slightly more distorted perspective, making the sailboat appear smaller and less prominent.

Based on these observations, the L picture is the better design. Its balanced composition and larger sailboat make it more visually appealing and harmonious.",L,L,T
49,https://raw.githubusercontent.com/PON2020/vast/main/image49.png.png,"USER:  
There are two pictures in this image: the one on the left is labeled L, and the one on the right is labeled R. Describe both pictures, and compare them in terms of their visual harmony. Then tell me which one is the better design. You must make a clear and unambiguous choice, and justify it. Keep your response under 200 words.
ASSISTANT: The two pictures in the image are quite similar, with the main difference being the orientation of the dress. The left picture, labeled L, features a dress with the top facing the viewer, while the right picture, labeled R, shows the dress with the top facing away from the viewer. Both pictures show a woman wearing a black dress.

In terms of visual harmony, the two pictures are quite similar, with the main difference being the orientation of the dress. The left picture has a more balanced composition, with the dress facing the viewer, while the right picture has a slightly more disoriented composition, with the dress facing away from the viewer.

Based on these observations, the left picture, labeled L, is the better design. The dress facing the viewer creates a more balanced and harmonious composition, which is visually appealing.",L,R,F
50,https://raw.githubusercontent.com/PON2020/vast/main/image50.png.png,"USER:  
There are two pictures in this image: the one on the left is labeled L, and the one on the right is labeled R. Describe both pictures, and compare them in terms of their visual harmony. Then tell me which one is the better design. You must make a clear and unambiguous choice, and justify it. Keep your response under 200 words.
ASSISTANT: The two pictures in the image are quite different in terms of visual harmony. The left picture, labeled L, features a more abstract and chaotic design, with a lot of black and white elements. The right picture, labeled R, has a more organized and structured appearance, with a mix of black and white, as well as some red accents.

In terms of visual harmony, the right picture, R, is the better design. The red accents add a pop of color and create a sense of balance and cohesion in the composition. The left picture, L, appears more chaotic and disorganized, with a lack of clear focal points and a disjointed arrangement of elements.

Overall, the right picture, R, is the better design due to its more organized and visually appealing composition, with the red accents serving as a focal point and enhancing the overall visual harmony.",R,L,F
,,,,,
Correct:,20,,,,
NA:,1,,,,
False:,29,,,,
